Username,Bio,Followers,Following,Location,Website
GTNUK1,"Providing Entertainment & Travel to Commercial Radio. Reaching 28.9M weekly listeners. Winners of The Arqiva National Sales Team of the Year 2010, 2011 & 2016",N/A,446,"London, England",https://t.co/aJKvkwp2dG
whatsapp,message privately with WhatsApp,N/A,N/A,California,https://t.co/ku2ShnylHa
aacb_CBPTrade,Customs Broker,N/A,124,"Florida, USA",N/A
aacbdotcom,A & A Freight | Warehousing | Customs Brokerage | Helping people ship across borders.,N/A,"3,813",Worldwide,http://t.co/laZo1M99c7
AAWindowPRODUCT,A commercial glass and glazing company serving the window industry in New England since 1954. #SafetyQualityService,N/A,88,"Malden, MA",https://t.co/UrYUiEDwWi
aandb_kia,"A&B Kia is a Kia dealer in Benwood, WV. Stay connected to exceed expectations. Build strong relationships. Drive the best with us.",N/A,N/A,"Benwood, West Virginia",http://t.co/H1m1Bi9YHp
ABHomeInc,"Industry leader in wholesale home decor, furniture, and garden, since 1993.",N/A,176,"Rancho Cucamonga, CA",https://t.co/2lx3XxMZio
No Profile Present,N/A,N/A,N/A,N/A,N/A
Abrepro,"From large format black & white prints to the most sophisticated of digital color printing jobs, A & B can get the job done right.",N/A,123,"Bentonville, AR",http://t.co/zyISURRqvP
ACChristofiLtd,"A & C CHRISTOFI LTD is a fast growing professional services company based in Limassol, Cyprus. Our main Concern is your Business.",N/A,291,Cyprus,https://t.co/msJpvYtuAt
No Profile Present,N/A,N/A,N/A,N/A,N/A
aeclothing1,Used Clothing Distributor,N/A,0,Carteret,https://t.co/sIZNy1TeMH
AETechnologies1,N/A,N/A,1,"Boulder, CO USA",http://t.co/eMS6qX752b
wix,"Create, manage and grow your business online with Wix. It’s more than just a website builder, it’s how your vision comes to life. For support: @WixHelp.",N/A,N/A,We're everywhere!,https://t.co/vzQPGJokOE
AGInsuranceLLC,"A & G Insurance prides itself on being your local, full service, Independent Insurance Agency.",N/A,255,Connecticut,http://t.co/qDF7dVozxt
